frame_id,0's score,pos_x,pos_y
0,0.0,2.0,2.0
1,0.0,2.0,2.0
2,0.0,2.0,2.0
3,0.0,2.0,2.0
4,0.0,2.0,2.0
5,0.0,2.0,2.0
6,0.0,2.0,2.0
7,5999.973419804656,2.0560028570699744,2.0560028570699744
8,6004.103437004658,2.112005714139949,2.112005714139949
9,64153477629.72686,2.1629211550309124,2.1726708431588406
10,58376970386.051895,2.242120849720296,2.172450931566447
11,56596636730.602844,2.3178407016746263,2.1492314565505413
12,57184659790.03286,2.3941310137480833,2.127961094923748
13,57974248349.14176,2.471024869627136,2.1089880896780966
14,58004735797.0629,2.548659903893012,2.0933215184343217
15,58849415464.71966,2.6270781228922067,2.0822209360624693
16,59314561943.39764,2.705938767836998,2.0748970928847705
17,60254693082.33173,2.7850617777705398,2.0714057752170913
18,60535220850.39923,2.86422747475977,2.0737365305044233
19,61474606070.78536,2.9431898342989635,2.0798672544423504
20,62215456752.44645,3.0220379484172204,2.087324794250782
21,62820922428.84791,3.1001374676970235,2.1004817349386338
22,63361578440.5063,3.177817181595032,2.1159252464798457
23,63968061379.618416,3.254139115104417,2.137081864011697
24,64749528874.22595,3.3306250566291844,2.1576376600086875
25,65733905888.30309,3.406927430574789,2.1788647118592177
26,66168732149.58502,3.4810603513905387,2.206738535624998
27,67230037880.38788,3.5540196454258215,2.2375538145280545
28,67618186649.96449,3.626266250097342,2.270004825505173
29,68178919410.52854,3.6983840684346045,2.3027410482297572
30,69047096234.29599,3.768059637140059,2.340396793150971
31,70058413260.398,3.8378510220216335,2.377837447476342
32,70855270614.70686,3.9082471000728867,2.4141283856703577
33,71311398087.20175,3.977262710665522,2.45298048335537
34,72341259053.22632,4.046557206233224,2.4913329654656278
35,73207094715.58064,4.113262532628955,2.5340300312950155
36,74040979113.77359,4.181772278936419,2.5737673520512883
37,74904332772.346,4.24875619261976,2.6160260234414623
38,75572962440.64348,4.315880107053765,2.65806196176876
39,76487414528.30571,4.381505095745599,2.7024015700123694
40,77157538914.08337,4.448464714505895,2.7446987266009137
41,78450514919.5328,4.517239919568485,2.7839748156195343
42,79039214509.1404,4.585841292534134,2.8235537447009023
43,79035772231.55325,4.655733132530888,2.8608065392520245
44,80341144784.20174,4.726315208914043,2.8967343904741956
45,81324386581.96043,4.800286441451403,2.9250345098538695
46,82021186141.32608,4.874694289604101,2.952165896351524
47,83195926704.13792,4.951533034126719,2.9713608785132184
48,83497460720.77943,5.027835327348252,2.9925882205308887
49,84717292152.88708,5.101780810611913,2.96422088888155
50,85369327419.70793,5.176350837006178,2.9375384758805
51,86278231229.56157,5.255086207237064,2.9289721771111736
52,87464684554.49213,5.333881846096412,2.9209792241682875
53,88349265567.7157,5.412828279266536,2.9273117347063855
54,89525116844.15498,5.4917240596657315,2.9342468507978414
55,89954605182.30461,5.570593548663509,2.941474831513747
56,91144142725.87584,5.649786354924592,2.9425422754207635
57,92215329943.11052,5.7288147209325615,2.94775354840444
58,92994849010.09927,5.807986481343016,2.9498683423683194
59,93905834006.16843,5.887186412048063,2.9497635744548876
60,94208785561.30447,5.966385207154386,2.950200442520391
61,95138346584.50055,6.045566922763456,2.948498704231368
62,95922217568.78545,6.1247198369234885,2.945768103569511
63,97116787314.75378,6.203872613232598,2.94303350989584
64,97695589078.36794,6.282964587910371,2.938898350700539
65,98773762246.64424,6.361902997166072,2.932466590118908
66,99433078050.40662,6.440890918938737,2.9266745081067684
67,100377996391.42235,6.519513293402451,2.9171266165234058
68,101054048849.16109,6.598220293561001,2.908303458016271
69,101640915087.22366,6.676631838638827,2.8971558305329
70,102790415833.33818,6.755057778501937,2.886109928279668
71,103455299539.68352,6.833442808875259,2.8747773639902694
72,104432865080.16545,6.911193842283735,2.859697019036852
73,105221152467.48059,6.98913594851792,2.8456375711181368
74,105895305356.83116,7.066352947475536,2.828025783248089
75,106592751263.04382,7.14383576622537,2.8116229542670736
76,109365917903.15004,7.221322143613622,2.795236944403613
77,108576889795.26884,7.29826908737788,2.7764804030022767
78,111365824559.39821,7.375402901947426,2.75850779467875
79,111822674953.34424,7.452919757540061,2.7422665786211233
80,111238609999.3994,7.529558942408032,2.7222897084264943
81,113560683152.18738,7.606808227445497,2.7048200787452283
82,99419961933.38463,7.6748591796889265,2.745338073497715
83,118035061279.93654,7.733915404636988,2.6925649525469506
84,103319497780.0354,7.749084272066322,2.7702987641150916
85,101418540557.22282,7.805979139064331,2.825395171523187
86,117228923181.65869,7.870013166241634,2.778787410758948
87,105167721807.02347,7.912235095840165,2.8457944899444843
88,120780836446.58319,7.99142777698713,2.844717803938649
89,120833935345.89021,8.029630446579489,2.914095005064214
90,120454571622.43878,8.105796092354796,2.892382464825208
91,126213632879.15446,8.164629286982379,2.945404113327616
92,124042487746.28636,8.243786753745255,2.9428088376805803
93,124152605038.98018,8.28957436203443,3.007431859330431
94,125643291247.16753,8.368351559445065,2.999259150591829
95,129371790734.98012,8.42676886659638,3.0527386627921937
96,127179292861.65892,8.500731388742736,3.0810615390188385
97,127723668219.92766,8.576498327305618,3.1041269031132632
98,128478385535.09117,8.647371777497789,3.139476500817593
99,129019802521.13177,8.713776482590385,3.182639623289969
100,129536256504.78622,8.785010341170562,3.217257211186577
101,130236607598.18593,8.859984451658034,3.242782154998704
102,131184764370.23131,8.933082029282698,3.2732679573566283
103,131882180365.53899,9.00502177021132,3.3063936826335594
104,132156487213.73398,9.07677590330191,3.339919558974348
105,132760355493.24066,9.149509011035324,3.371264973941124
106,133394273014.87657,9.221142457772544,3.405047947589782
107,133905416264.97398,9.29278755240862,3.4388062119792275
108,134970273295.3195,9.36502154443209,3.4712852882646392
109,135000708145.41672,9.436906187308015,3.5045304099910015
110,135832536111.69865,9.508446915905825,3.5385092880138935
111,136559823759.8443,9.579923386487993,3.5726231290922077
112,136633269922.63603,9.650830893094895,3.607904363577301
113,137424535271.58524,9.72193843140767,3.6427806878546263
114,137546444605.84134,9.792591566815355,3.678568597224458
115,138544634847.8499,9.86307175168909,3.714695921235021
116,138975973412.0311,9.933713039437466,3.7505072108690314
117,139271254703.96243,10.00419507555085,3.786630923099525
118,139903392724.68756,10.074810472118452,3.8224932399181615
119,140748505329.58194,10.145323248170923,3.8585569115750262
120,140717596342.6615,10.215531961188699,3.8952090140575244
121,141617972679.1041,10.285827521066992,3.93169427493637
122,141830176931.75394,10.35610683810151,3.9682108136162837
123,142744498817.00833,10.426384596003489,4.004730352828475
124,142777362811.7288,10.496561194408965,4.041443906677653
125,143670120911.57224,10.566837582388674,4.077966082030793
126,143960591834.9205,10.63690747050685,4.114882890927367
127,144377285235.90735,10.706875022733444,4.151993288869438
128,144889287011.74866,10.776747922365116,4.189281596648983
129,144707788572.99805,10.846168626140479,4.2274051574393035
130,145542387591.1092,10.91583332139567,4.265081014894727
131,145942420658.65366,10.985583114319407,4.302599095697133
132,146351032027.31717,11.055006525575019,4.340717725914313
133,146775310078.53995,11.124067977155848,4.379488280534396
134,146554524220.54715,11.192829690808985,4.418787984547074
135,147489067808.47192,11.261706590201177,4.457885461832927
136,147829486676.7757,11.329954029355912,4.498071616772418
137,148007060110.8702,11.398266836630158,4.538146551111875
138,148551797339.3758,11.466359496370673,4.578594414954881
139,149290413602.9727,11.534192441218396,4.619476337528139
140,149104694168.54745,11.601981750753394,4.660430574339099
141,150030799564.11755,11.669741746549516,4.7014332933917355
142,149801173621.88535,11.736864512695776,4.7434710652745835
143,150228911005.4699,11.804586172652574,4.784537070348073
144,158965003265.364,11.870944893267398,4.827770855728997
145,158825444859.56915,11.937797174553143,4.87023746010104
146,159633968664.76517,12.004123416828916,4.913521054979188
147,160388399722.22894,12.069844141066243,4.957718638688269
148,160210832173.91064,12.135419509587228,5.002131598996462
149,161077260999.99997,12.200771043411848,5.0468732689113125
150,161669846923.72073,12.264834434522344,5.093440660071046
151,161558787401.78275,12.328242023829384,5.140897141380448
152,162464728673.58807,12.391899166814916,5.188018348356921
153,163195612863.24353,12.45415432181859,5.236976858091883
154,162834082068.40063,12.51650891848113,5.285808653830439
155,163732398647.57275,12.57854169643843,5.335048621934614
156,164578623866.44452,12.638496288493203,5.386798857601187
157,164652924313.19092,12.698871268729803,5.43805802030826
158,165077279031.87,12.757305711713274,5.4915188084918585
159,165700209619.26318,12.81427174486339,5.546541631639529
160,165500978181.69147,12.871117164777901,5.6016890543784275
161,166303750468.55417,12.927553850078837,5.657254696210797
162,166927455063.25964,12.979687484695974,5.71687620358529
163,167499951955.81528,13.02821706223348,5.779466299479378
164,167398763226.72516,13.077069431889905,5.841804778599037
165,168128930592.59396,13.123280999564962,5.906125311969133
166,168854842842.49094,13.164587604045986,5.9737004880787685
167,168407497066.20505,13.203744138208092,6.042543830766437
168,169176009807.29483,13.238376237395988,6.113770635452874
169,169868780711.66443,13.268090630295536,6.187185176618854
170,169591635774.8624,13.29835867642295,6.260373190553027
171,170155966478.53183,13.315997976258439,6.337583909376995
172,170862589232.93964,13.326837250191437,6.4160386743094415
173,171439915949.99286,13.329244673562995,6.495202076918918
174,171207406341.57745,13.326170023749992,6.574342373408933
175,171679877812.62534,13.308155748078788,6.651466467387674
176,172063873161.07147,13.288985152389257,6.728311299750746
177,172162912792.34113,13.259719603545188,6.801905916747204
178,173000477674.85266,13.220041516689196,6.8704499859541635
179,172899547687.29865,13.181437587478745,6.939604715723822
180,173502947819.5939,13.133112180601458,7.002352584613089
181,174210509104.58984,13.080555506855733,7.061601517470867
182,174641607329.5585,13.027908522265232,7.120770217080775
183,174747678200.15082,12.96759503372338,7.1721017191035275
184,175689232249.56754,12.906316197115602,7.222276854220409
185,175910640084.34842,12.844244034624372,7.271467164685605
186,176150041970.95712,12.779146387211213,7.316577432932115
187,176628468267.69833,12.709145748761213,7.3536253831668095
188,176405259236.627,12.642301947185503,7.396105333624729
189,176703332369.2503,12.574381976401227,7.436842510363712
190,177125301241.7688,12.506896738036893,7.4782958890307025
191,177439820016.24637,12.44041900141048,7.521346446901991
192,177476374638.97488,12.369625757753296,7.556856398359217
193,178077742338.2839,12.298429319074632,7.591550880910127
194,178404317899.4699,12.226889933245564,7.625532585917377
195,178722424712.09094,12.156042879815612,7.660935057869113
196,179232424549.73657,12.0835721872201,7.692882494616477
197,179854909971.60684,12.010670032793536,7.723832710770254
198,180558008044.17377,11.93798437824493,7.755288006395008
199,180582425630.6681,11.864872455257833,7.785739389239287
200,181471171013.91168,11.791007411467882,7.814315520991305
201,181701151540.61096,11.716547113896004,7.841302630608809
202,181904371326.44595,11.642008839722003,7.86807361645471
203,182930699545.09314,11.56691474914653,7.893243391198296
204,183344246009.52356,11.490745858672042,7.9149445460958
205,183490379925.6927,11.414412244062104,7.936058979087985
206,184125239764.82626,11.337396059319355,7.954529152007334
207,184788888171.7751,11.26052426347782,7.973591339817164
208,211935803348.4329,11.185982283770809,8.000352006127244
209,212709555331.41522,11.10734679308599,8.009791264824706
210,213727379469.8967,11.028223295692623,8.013271517723831
211,214184795280.52634,10.949143064115468,8.008917557032275
212,214633372617.21594,10.872836367905494,7.987706048044963
213,215527363034.2075,10.809350841411009,7.940353878868482
214,216253358412.17365,10.799404962868822,7.861780858689644
215,217283571152.91922,10.74972708077709,7.80009821906649
216,218044433161.23193,10.7999469468025,7.738856035431434
217,218503317971.55917,10.807159934971326,7.659985173881199
218,219015696376.01996,10.78362200069841,7.584363710987627
219,219879291090.7032,10.734470438681026,7.522260861203971
220,220230834308.5996,10.671126423836736,7.474719555128029
221,220716878536.47635,10.64874212692711,7.3987486182385735
222,221273100353.5052,10.595903846135933,7.3397506853677275
223,221930635324.2424,10.553381180211497,7.272934049095921
224,222408736291.92007,10.496953542884183,7.217359218950818
225,222500281972.39758,10.460823871898858,7.1468802371584275
226,222801476849.38797,10.402527661634675,7.093268747076225
227,223480040061.70248,10.349860956526285,7.034117600231672
228,223244493807.10904,10.297669018526136,6.974547124257507
229,223821902253.67,10.239323329992867,6.920989485870637
230,224142399946.39578,10.190490352068252,6.858635815032313
231,224025437234.9403,10.123545378504533,6.81631548286735
232,224250629130.49234,10.05128316821199,6.783899237501233
233,224912691062.44794,9.973681585284435,6.768067802722991
234,224693765310.28967,9.898125159199662,6.7918136755706255
235,225266301057.16962,9.868253234872244,6.865164259324111
236,225801006492.88806,9.871623951938108,6.944292498698318
237,226480041026.72214,9.950587926469467,6.950402386275914
238,226371569341.67142,9.885099262992869,6.994943097496649
239,227001547241.4419,9.964296228386544,6.994249792056867
240,227407166173.9704,9.888014886165195,7.015552299630139
241,227283919978.63052,9.904705159298574,7.092973709994025
242,228045308670.4583,9.983891697972158,7.094433878784647
243,228448220516.68454,9.908257631211438,7.117931281731247
244,228548750537.60736,9.9872834945274,7.123180369953668
245,228849648571.3643,9.924684489230481,7.1716984545802935
246,229199888816.97122,10.002813422603724,7.158717323275229
247,229652749437.46356,9.96004992204613,7.225380079144309
248,229571682605.0413,9.942156473447458,7.302532295556067
249,230240791836.15765,9.934697104716843,7.381380236671487
250,230621400754.0248,10.008836358414698,7.353523261582201
251,230586261361.8986,10.08712957186603,7.341572833662488
252,230719142500.86215,10.017618463282822,7.379531308125163
253,231122634474.88104,10.035168428609945,7.456762381644937
254,231598471782.27332,9.985739320007955,7.518644553736848
255,231994283108.03885,10.0596070115345,7.490075266931971
256,231999530621.6838,10.124896970747841,7.534906742771166
257,232074051014.82678,10.058883495520496,7.578665868544068
258,232703975627.80417,10.13007515941939,7.613370147693862
259,232392381841.61578,10.129123052738905,7.692564424588528
260,232825359675.1721,10.193283533273442,7.646130894272846
261,232931542206.29413,10.137667548825814,7.702517969688416
262,232955475267.20963,10.18155332165213,7.768447317807724
263,233283286394.17334,10.205123407739409,7.844058765630381
264,233461065413.61508,10.213514812772399,7.765304563700755
265,233913052126.4988,10.217996439169303,7.844377662949732
266,233612852724.9882,10.201295163373912,7.921796700574895
267,234174962401.45837,10.25918735080942,7.867749178578673
268,234445714190.59912,10.228550070341143,7.9407833968979515
269,234313010739.13107,10.306397360262897,7.926208094093605
270,234019385193.5913,10.230277196342456,7.948079551400447
271,234379231325.0746,10.153996105933913,7.926776142140803
272,234341482991.53098,10.194182064072342,7.9950236971775706
273,234434631996.34555,10.115217973063402,8.001132079216367
274,234702287483.7923,10.08856206155195,7.9265525754536466
275,234381241393.327,10.022923979517287,7.970872798679741
276,235302403614.3361,10.101482556953776,7.980932118296648
277,235320492808.38535,10.03794978177177,8.02822087465239
278,235357590077.86945,10.067842881486753,7.954878918110244
279,235405860998.2436,10.014873091718247,8.013758807477329
280,236131589115.3077,10.037174823722973,8.08975402278454
281,235957691160.29297,9.979952999483903,8.14451078337858
282,236386258731.79077,10.048041215159753,8.104055439033502
283,236470180597.65344,9.979321944366802,8.143429311356213
284,236908621300.40106,9.905236981435827,8.17143035182824
285,236691506551.93033,9.86972303619646,8.242221592059892
286,237106840628.97607,9.803186059633115,8.199262649454086
287,237509126902.09402,9.817603944908862,8.277139247891457
288,237080682816.7814,9.742186371019933,8.30132249723285
289,237452487927.14746,9.680151041678457,8.35055925091843
290,237910697646.2551,9.720913913691007,8.282654698307516
291,237191229203.02017,9.653333730124109,8.32395310976685
292,237642801832.0436,9.581299158683983,8.356872109105186
293,237905739126.34933,9.516908471256752,8.402985874649206
294,237750961395.26157,9.439918505434138,8.384406715286287
295,237976141684.2988,9.367435148542691,8.41632540845733
296,238259646835.8421,9.288490812245438,8.42268400630484
297,238932291166.40115,9.25711767363568,8.495405159855736
298,238908708260.4117,9.263657745833596,8.416475650446099
299,238967458950.1522,9.218054896773962,8.481229184385525
300,239729459303.5542,9.244712408191493,8.555808116296785
301,239435978559.33282,9.184767762787242,8.607569873293224
302,239886838618.79123,9.174331309380095,8.52906050799022
303,239723165201.5121,9.129895916036771,8.59462067744107
304,239682175979.05783,9.078038123925662,8.654482262763887
305,239975571744.3244,9.013149335321883,8.69989245009596
306,239857188524.6371,8.938840402636533,8.727293591005859
307,240277935302.71542,8.859804715785433,8.732392630520799
308,240429321665.868,8.80338345574789,8.787973935073461
309,240229627240.80515,8.73642193401901,8.74567979117915
310,240358980655.76114,8.673979852129882,8.794399668122256
311,240536879715.671,8.61387261523523,8.845972529909153
312,241150745214.2228,8.544970869553268,8.885026203769343
313,241337263638.18393,8.509680370805112,8.81412330750899
314,241722111500.34875,8.497113168420784,8.892319889430652
315,241940913329.46027,8.451110922581138,8.956790296422612
316,242043514558.99768,8.407837646029808,9.023123271152471
317,241837308187.46054,8.334829104218366,9.053821688417326
318,242240556113.00092,8.255910239796123,9.047154392240948
319,242338762002.78897,8.19183654481976,9.093707604934337
320,242372164924.71225,8.122550480495109,9.055339893373699
321,242329715950.92694,8.063959634828333,9.10862922442647
322,242433290356.97876,7.985789229118043,9.121358233464443
323,242217140431.61096,7.909147149384864,9.141323994511122
324,242130956933.23535,7.84461974951133,9.187246262155055
325,242283755701.41827,7.768682154685742,9.209743410687809
326,241939022806.36743,7.6909387974434935,9.22486327856766
327,242172112498.86783,7.612190692618025,9.233311709569751
328,241854491560.20285,7.556963704769599,9.29007983278331
329,241385502567.05737,7.478231641976171,9.298676476796626
330,241452280623.59842,7.402855783981429,9.322989436952817
331,241034506886.9569,7.346665522391166,9.378804260274384
332,240774087287.73584,7.277758607444294,9.339759707869412
333,240485150800.6905,7.230900517937211,9.403610780278152
334,240677203604.48163,7.151701641414223,9.403188930190334
335,240107560792.01932,7.092012664471483,9.455245303782133
336,239585013167.34695,7.025894517175574,9.498846113386502
337,239646084957.1957,6.946761767013164,9.495583008770701
338,218134737045.19742,6.885849106921826,9.546202054994403
339,239277067510.12625,6.80810303109545,9.561307937742503
340,218055778175.86783,6.7493770439001635,9.61444830307752
341,217820572771.09552,6.670435151483314,9.620837170085577
342,217656885812.32614,6.593842496563367,9.640991703379946
343,217693471567.80533,6.5272598117842655,9.683879768008778
344,217663562558.77814,6.4618286073646365,9.728504844907274
345,217486519282.79205,6.387441423838626,9.755692837239692
346,217381617441.52814,6.320257119995306,9.797632190085062
347,217227838788.00885,6.244399626143213,9.82039796761362
348,217144390348.64166,6.173525212789255,9.855745634180627
349,217087407213.41284,6.097622007744205,9.878358538989366
350,217045010923.39508,6.025125947099796,9.910248367948489
351,216849443593.17535,5.947862469788212,9.927655121629813
352,216726905525.75732,5.874530453420223,9.957572597716629
353,216675198637.51498,5.796235484041789,9.9695115160106
354,216677638819.05908,5.719318670935961,9.988391236920696
355,216389752361.2883,5.640262770008664,9.993166645654336
356,216340912295.0942,5.5659167222350145,10.020466923682925
357,216265709246.37094,5.487414978728703,10.030960553487203
358,216227003714.76007,5.411081532962134,10.052075596878167
359,216032591910.0112,5.3319912670721035,10.056243311053143
360,216200864234.08685,5.254830554449092,10.074100086448187
361,216193740475.14413,5.177436428349479,10.090916425088839
362,216261177330.74777,5.0983476478533625,10.086720617700847
363,216532920422.41623,5.019215716671134,10.090003523025572
364,216452675238.26743,4.944895934658164,10.062631822282931
365,216521397328.715,4.873812545047814,10.097557339050807
366,216363656624.60632,4.797352398704474,10.118208877036029
367,216169559478.97745,4.760961763285118,10.188553469250182
368,216082580680.64462,4.732093135364427,10.262304688372152
369,216324145965.29718,4.72952728927116,10.341463114542874
370,216245622752.4169,4.789230891969319,10.393502713166042
371,216106075729.1512,4.801590348298166,10.471732399598082
372,216402844151.11176,4.7932505150355444,10.39297271967776
373,216121022673.824,4.788102756030771,10.472005248279777
374,216143558467.66104,4.812291224869837,10.396589348263788
375,216198356932.8203,4.828142474762555,10.474186886090955
376,216294537700.0295,4.859547196936947,10.546894405819998
377,216156852071.7496,4.898322706766236,10.615953075351626
378,216608238886.78195,4.976516020970215,10.603365557176948
379,216578821737.81018,5.0545310847251175,10.617014360322958
380,216493100244.63055,4.986708765167891,10.657913907629469
381,216928206513.38617,4.929631099625146,10.603006894450909
382,216707624440.59354,4.948943934524901,10.679816102285223
383,216578912509.67804,4.990644826063106,10.747148677201965
384,216631255221.91937,5.046095236855597,10.80369858385922
385,217038055681.39032,5.110124946556777,10.850312275791769
386,237326740102.16507,5.180003999634514,10.813035500972067
387,237423289327.69604,5.161273418915711,10.889988768257714
388,237917240169.84085,5.167086675452678,10.811002402039009
389,237180687506.63144,5.1782330330998425,10.88941412763666
390,237401997637.5679,5.21602799408652,10.959014277952702
391,237839089407.52414,5.284449355116689,10.998903591744485
392,237668209326.1608,5.361202257009338,11.018438996809584
393,238116092489.06958,5.327528838606954,10.946753985174668
394,237813312997.78845,5.325482284047901,11.02592753893119
395,238198495669.39514,5.3704031419624325,11.09115603365721
396,238447027096.3501,5.44464432150603,11.11874021861844
397,238388171725.76035,5.513030770463045,11.078791080967552
398,238169877632.20416,5.506701363131848,11.157737762993055
399,238387795724.04608,5.4888681647787445,11.23490392809473
400,238982320983.38733,5.518028494657336,11.161267556909209
401,238216821248.75674,5.543702464881574,11.236190765949699
402,238919821960.25284,5.621547819623389,11.250776400838896
403,238789988344.1747,5.682321630426105,11.301562067325767
404,239334939494.54086,5.669455735647845,11.223414074699246
405,238546303125.22116,5.660931839852384,11.302154046762158
406,239089525654.6657,5.7279938951725065,11.34428860189498
407,238882790609.496,5.763917620917811,11.41487277808608
408,239853453847.9055,5.759032663172234,11.335823570703438
409,239549832845.5395,5.770302283632747,11.414217675422325
410,240331181364.94394,5.805431507700885,11.485200614332816
411,239753827595.90668,5.880248560025255,11.459218915360415
412,240324089320.54135,5.886253577226865,11.38024689646506
413,240024081944.39322,5.897637411618971,11.45862449731207
414,240362521551.6047,5.954526377131222,11.513726998189489
415,240132800383.0907,5.9912564255372285,11.583894964841605
416,240493820291.84665,5.990081245175172,11.504703684064511
417,240223954146.08295,6.012227073184945,11.580744477733182
418,240701537410.39368,6.085376437626815,11.611105809748603
419,239779613592.03015,6.127035951520006,11.67846399338046
420,240348261634.43228,6.104048833544654,11.602673278862207
421,240072258049.88684,6.10222819142715,11.681852349722378
422,240652642205.65594,6.159232786965245,11.736835220578111
423,241098553177.3352,6.236185342553064,11.718101716140778
424,240392023262.73492,6.287779054918753,11.778191056662425
425,241538626534.135,6.277141985892885,11.699708620649398
426,241307554589.10535,6.309296419552551,11.772087708762099
427,241768225150.37024,6.3873637223550865,11.785434477402378
428,241662250436.26852,6.462811842442185,11.809522258024984
429,242179063398.63934,6.452191085886613,11.731037612837614
430,241931358650.2378,6.456199750222333,11.810136099613555
431,242387244634.49472,6.534251437913361,11.823573883976394
432,242236765477.95984,6.589510406473554,11.880310877143671
433,242797812996.01117,6.586796904583144,11.801157374962841
434,242360121420.65585,6.591871471324965,11.880194636886461
435,242844034528.13144,6.655662345115983,11.927134645631437
436,242197793777.63403,6.729748960677286,11.955131313195126
437,242476934643.09616,6.727039856974594,11.8759776603601
438,242263650858.6918,6.740953850264016,11.95394586407637
439,242846224008.8679,6.813252284535782,11.98628123792377
440,242282139432.7911,6.857223747336261,12.052153466208427
441,242254078704.24115,6.801170796054895,12.108106184217911
442,242812705700.20737,6.723246622106969,12.09394768449042
443,243156760951.5656,6.766819635403653,12.160084153342687
444,243068299284.28238,6.82270502190834,12.103964071596295
445,243101635024.08286,6.877454307595697,12.161193047794757
446,243821535066.70203,6.947613526628052,12.124446293043215
447,243603669130.49304,7.01198924094501,12.170580959035085
448,243760086154.18695,7.088925058068231,12.15177883033692
449,243860946364.4208,7.163621003135239,12.178106682329561
450,244204643054.9186,7.241475579257577,12.163570349339052
451,244166661862.04608,7.304642231763094,12.211347059263945
452,244179017986.21198,7.381883431968422,12.193841717483778
453,244052019866.72482,7.448442458523084,12.236766488701523
454,244123272667.2404,7.5269596011715905,12.247144268344307
455,244091598984.16687,7.592290341732055,12.291916294631054
456,244032568679.80783,7.669330811580602,12.310284909317934
457,243743672786.12082,7.726155382718143,12.365453814645434
458,244278009489.74503,7.800071242378198,12.393898246274754
459,244144544635.23538,7.8655708440332415,12.438422870731683
460,244651968581.03616,7.943837079380175,12.450548727592892
461,244061698539.48923,8.019679212848796,12.473365624641525
462,244558066861.3422,8.097350171420656,12.488853109735253
463,244655948863.39386,8.172240964506242,12.514621483976011
464,244619936308.85974,8.25023363975777,12.528397644802224
465,244479428781.44424,8.326882413890681,12.548337690537425
466,245230915997.516,8.405876849999371,12.554040239429817
467,244763984377.9652,8.483788485015406,12.568267576816984
468,245323545830.85846,8.562960541150387,12.570371270558816
469,245494346072.70102,8.641675732844247,12.57912104750449
470,245891272097.4974,8.720867101898872,12.580290264017464
471,245510509095.03784,8.799651109627275,12.588397059084004
472,246123855178.0676,8.878675924078577,12.593661914346713
473,246138515952.6638,8.957751245066083,12.598104167234933
474,246185858343.66458,9.036866234411285,12.601772744739707
475,246677786185.04288,9.116041160340059,12.603765507689264
476,246318209778.61954,9.195071552915238,12.608945956454882
477,246635157547.86627,9.2742400787826,12.611178558521692
478,246605718715.85565,9.353335864062753,12.61524017776974
479,247206057004.2329,9.432516189082683,12.61347492148853
480,246516364421.40582,9.511674236318541,12.616052431489605
481,247016935389.63895,9.590862247043699,12.617430458119308
482,247039707192.02106,9.670051942594334,12.618708002090262
483,247278409394.36224,9.749195877279991,12.621687532669469
484,247074257744.0553,9.828384738156572,12.623015807140215
485,247005418304.68292,9.907569525651438,12.62456804081881
486,247964899248.94925,9.986769253982375,12.624775483113373
487,247940919987.0551,10.065956860831486,12.626176526121569
488,248079057955.5182,10.145133787250062,12.628088154460782
489,248473468345.7186,10.224333656235913,12.627944096750372
490,249145969874.80887,10.303530823486,12.627274246347708
491,249130832455.51526,10.382730325370053,12.627555140131582
492,249792018707.3499,10.461868850164555,12.62443522132652
493,249641111938.14807,10.541058668905192,12.623165336361314
494,250567306585.50607,10.62020918898278,12.620366198735697
495,250428532847.79587,10.699374705531653,12.618029322712019
496,251105462757.14816,10.778528454732221,12.61532303605065
497,250859006877.0597,10.857702757276956,12.61330565741617
498,251562061529.3702,10.936811692286271,12.60950876372636
499,251720423326.6391,11.01595600015343,12.60653916236787
500,252238210839.29156,11.094996977570633,12.60152280024644
501,251936604525.67926,11.174093022007026,12.59746623094271
502,251716712438.80145,11.253241888102691,12.59462070888684
503,252025957404.58636,11.332441415940254,12.594347230721121
504,252693585351.29764,11.411639959126802,12.594827602585848
505,252462644131.92972,11.49083932151054,12.595145404425432
506,252756583489.34375,11.570037359814137,12.595702835014794
507,253472480979.18857,11.649236726838764,12.595386191842522
508,253413739794.79233,11.728434107545278,12.596030310796953
509,254010597842.12732,11.80763327029115,12.59566614002274
510,253932071414.04507,11.886832941989809,12.595894181301453
511,254627711274.16507,11.966032137725769,12.596251105350811
512,254532553100.4705,12.04522775510827,12.597084284445968
513,255260462478.68683,12.124418973458122,12.5982636640567
514,255312388841.23898,12.20361630217878,12.598914143504482
515,255675809088.86404,12.282804854340249,12.600260697094331
516,255875223160.14862,12.362001875596414,12.600947591664413
517,256314239336.61548,12.441190601928795,12.602283863289209
518,256599473971.10486,12.520384686845137,12.603251806605314
519,256672410087.67865,12.599577369779736,12.60432836111866
520,257100304810.90823,12.678763912197079,12.605788326866993
521,257482096203.95154,12.757941896226091,12.607655636456096
522,257802190977.7216,12.837123090663072,12.609381454387732
523,257835968995.82562,12.916306271995818,12.611013567749433
524,258646923658.1371,12.995482698686521,12.612945783185594
525,258662945164.50385,13.074659998464893,12.614841884397501
526,258769432958.80945,13.15381545308002,12.617497822023397
527,258993403028.53677,13.232972726807592,12.62009897869268
528,259728346503.61807,13.31210489767489,12.623376101489997
529,259570450393.414,13.391246947752082,12.62640527787628
530,260083896912.0005,13.470354479717209,12.63023129230208
531,260074720174.6016,13.549450348856288,12.634291278155931
532,260613404233.8708,13.628526286962206,12.63872253223001
533,260477580532.95163,13.707619930593003,12.642825645341366
534,260867274843.99222,13.78661516473384,12.64851712871868
535,260895575268.0811,13.865655721470137,12.653540114963564
536,260993654069.86163,13.944668523343273,12.658982278150814
537,261080705120.43372,14.023671368965404,12.664567113296611
538,260961585595.63806,14.102675216259877,12.67013776071603
539,261546169610.28815,14.181606013064012,12.676662277239442
540,261287682002.1416,14.260603095215643,12.6823280526964
541,261602291991.25922,14.339529605485637,12.688904220014877
542,261502138646.80884,14.418488048144265,12.695085185386423
543,261855174056.3988,14.497396892219257,12.701870045499117
544,261658423972.5958,14.576320209274952,12.708484425661027
545,262121364532.47693,14.655171261238236,12.71591083827302
546,261812294392.66376,14.734014832764837,12.723416251581401
547,262289071388.26074,14.812824578228936,12.731268895714672
548,262204380132.8954,14.89167779782464,12.738672257072299
549,262522383939.98193,14.970344536062587,12.747847457070238
550,262415618577.12836,15.04906318435143,12.756566081478786
551,262335610965.56586,15.127661455506402,12.766310401437078
552,262774472217.04935,15.206243532243265,12.776184469277728
553,262392938419.41132,15.284963058373926,12.784895164184805
554,262914272453.55426,15.363490266268153,12.795196504890601
555,262458864128.92877,15.442199585703458,12.803998949666411
556,262507544112.0965,15.520873510549716,12.813112321670513
557,262905411429.63718,15.599370791661762,12.823639280301405
558,262736106996.5323,15.677873476726695,12.83412586399658
559,263123294109.42096,15.75626834709812,12.84539015711455
560,262956167200.12488,15.834693253979433,12.856443391060202
561,262707074015.268,15.912924899912632,12.868790438261156
562,263126298653.32254,15.991091509095808,12.881542740359382
563,262943783855.45908,16.069046545427984,12.89553031736361
564,263355892726.27414,16.14705459081956,12.909219176124868
565,263104418319.66898,16.225013412768387,12.923185638824894
566,263568450937.7135,16.302843929650383,12.937850243895664
567,263461559080.78888,16.380825248218457,12.951690545712628
568,263612365836.0376,16.4588198676408,12.965455695227405
569,264238950291.6293,16.536466203486878,12.981066157413965
570,265062708904.80084,16.6136879332831,12.998657190563822
571,265361086660.7345,16.690741060378265,13.016972637728891
572,266201201630.05887,16.76746979121872,13.036602764157758
573,266631138059.49704,16.84379450834736,13.057749337289891
574,267021868856.92133,16.91995791204156,13.079469741008843
575,267854381532.0423,16.99565943918345,13.102748890228389
576,268624917068.7333,17.07091535242705,13.127430614679312
577,268633650739.358,17.14611355941959,13.152287598911256
578,269142177906.59207,17.22057815024858,13.179262860034568
579,269244606601.0771,17.295089853445266,13.20610771218036
580,269881903670.18646,17.368719456071837,13.235285128396555
581,270545754836.44003,17.441720766056633,13.266000739093778
582,270645893843.25208,17.51440038425373,13.297469979610899
583,270963083369.47818,17.586293858971928,13.330695997924021
584,271532662831.61395,17.65781236933843,13.364721615845765
585,271673660529.60068,17.72865057933363,13.40014177966068
586,271964242448.8457,17.79845028136759,13.437566926233147
587,272541166648.0492,17.86738079807901,13.476569796203146
588,272466586762.44666,17.93584236737753,13.516390061510958
589,272687445202.97205,18.003420643736206,13.557691593739074
590,273149173975.14865,18.069564940893855,13.601252722667518
591,273187665634.69543,18.134465712828742,13.646645781633133
592,273700457758.3286,18.198545754210638,13.693190258174337
593,274200323314.9649,18.262169804866815,13.740356137558699
594,274562778071.44165,18.324159613946293,13.789650189636918
595,274844352226.30478,18.384687542406382,13.840728657471518
596,274937256797.6004,18.444501605390705,13.892641255839422
597,275361549626.43823,18.503584065229393,13.94538500370976
598,275578599647.45685,18.56092405676485,14.000018009948787
599,275872811141.55646,18.61619224653118,14.056746020666184
600,276006171001.4943,18.670688351680056,14.114216139194014
601,276349007130.27405,18.72298364807608,14.173695900246425
602,277147796379.94806,18.774941237837037,14.233470885534857
603,277084551088.9325,18.82471250221859,14.295078200375398
604,277692657835.1985,18.87346860795154,14.35749199815888
605,277830090336.524,18.919556305410442,14.421901346416231
606,278153318383.8757,18.96345667082697,14.487820978668656
607,278439617640.8895,19.008685522693515,14.552836291932795
608,278790583303.1915,19.050645287752985,14.620007849277806
609,279270943348.166,19.091108626267765,14.688091314496893
610,279098433791.6254,19.129644443180272,14.757284022312714
611,279606198671.0442,19.164289218935888,14.828504661967543
612,279882408176.8553,19.195866876147967,14.901137241193371
613,280295509819.5655,19.228133723398077,14.97346628493472
614,280851262027.2627,19.258771795197706,15.046500171291676
615,280792880701.8659,19.287419982831402,15.120337298438557
616,281181212011.5849,19.313043335088004,15.19527783365905
617,213620754279.8297,19.33863855622811,15.27022798145603
618,213968271713.23474,19.36201210900159,15.345900413891794
619,214447957088.44608,19.383477654443517,15.42213603784071
620,214471036738.486,19.403091544251275,15.498868920795863
621,214908504256.89243,19.418803345175366,15.57649481410294
622,215029846549.01697,19.433966073937267,15.654229823310459
623,214970560947.82706,19.450590940859573,15.73166530484067
624,215255666062.3813,19.465600165341666,15.809430098805844
625,215289021472.3052,19.478948288940316,15.887497169945956
626,215767300462.98538,19.490775198746327,15.965809137131313
627,215836759181.44717,19.50244931980516,16.04414402653255
628,216221434902.80875,19.51191240417046,16.12277665356672
629,216188904845.31113,19.521027445135992,16.20145038506712
630,216590530339.33902,19.528747618770613,16.28027321754002
631,216703740037.35217,19.534772000093444,16.35924376160347
632,217050991383.16858,19.538690701947704,16.438346756336774
633,217029129759.54016,19.54257898632238,16.517451252066294
634,217049973888.1363,19.54667614833311,16.596545204195756
635,217409099739.18542,19.54748512679647,16.675741072483476
636,217355790054.76678,19.548141027580538,16.754938356490957
637,217710973029.52014,19.547354811067006,16.83413445401851
638,217755785701.36978,19.54337187170454,16.91323424032691
639,218004914888.28998,19.537335188436124,16.992203844955
640,218008725218.76712,19.52932315169908,17.070997545638015
641,218330869426.12057,19.518878213984603,17.149505782633508
642,218280737034.6906,19.511005158279286,17.228313491608333
643,218285054087.37625,19.507154991633996,17.307419851762265
644,218574094734.35532,19.50289451513353,17.386505174926484
645,218450329364.186,19.495226023279216,17.46533305218244
646,218774854366.83182,19.480250826726607,17.5431044060874
647,218629142624.95303,19.46310423270643,17.620426035102234
648,218971941395.91577,19.448622606715173,17.69829080575398
649,218984798553.7892,19.434680110396265,17.776253917521004
650,219192007449.463,19.407466537000698,17.701876088680386
651,219464770957.90848,19.371206166488726,17.631464260623343
652,219254587769.32208,19.398569584955073,17.70578709244396
653,219574763188.30545,19.451758463635226,17.76446914408454
654,159263983938.5193,19.44524786406524,17.84340109004585
655,220077405215.13654,19.374492254851248,17.807816208919782
656,219843125866.47113,19.318081964428043,17.752223771175338
657,152481534231.611,19.281861479324093,17.68179141739645
658,220436544802.59476,19.31301670344845,17.608976638609715
659,220688011241.42667,19.351823433538843,17.67801776910228
660,220655928322.40594,19.34853754896413,17.757149576629732
661,220651322739.90103,19.307710304620393,17.825015445218416
662,220904719673.32965,19.238774437867527,17.78602203199219
663,221071640054.90964,19.168617071877012,17.749271739513446
664,221245498299.37943,19.2338335018602,17.794210111315813
665,221168394780.75037,19.29002722976747,17.850021444787462
666,221644474222.45883,19.339061648361277,17.91221682880563
667,221523486055.97372,19.26164690184571,17.895495673883467
668,221767587084.47693,19.218745012796333,17.828921895892467
669,221777862005.36475,19.171892363756744,17.76506683126974
670,222247180100.87286,19.12148491829144,17.82615471420623
671,222226594155.02692,19.197646464462192,17.847881630344524
672,221986347121.88147,19.275523436397894,17.86229749806471
673,222599105659.23547,19.306281093336317,17.789313893469853
674,222396340056.5243,19.230956327937662,17.764843100314792
675,160063313454.4879,19.153285595652246,17.74935448041993
676,222656953348.8747,19.079596438109228,17.778381158848582
677,222914216852.13818,19.09130549804863,17.85671083340003
678,222927263987.69238,19.11627226339295,17.931872662996188
679,223141346454.2978,19.19196732479036,17.95517282780337
680,223199121079.8052,19.235715705871534,17.889152231374858
681,223270865838.68045,19.17981616028674,17.83304625305335
682,160585908504.82544,19.1023820492931,17.81641500371288
683,223445134597.96262,19.039354402362886,17.864374942437195
684,156044714090.21356,19.00573743414467,17.936086443940198
685,223694709856.6076,19.01845157164514,17.857913618050258
686,223766924992.74954,19.08388068604668,17.813285476831624
687,160777723280.97247,19.12161243763637,17.88291991459035
688,224040073395.57422,19.04317488822168,17.893883072977356
689,160708545362.1029,18.97356839029292,17.856099803583437
690,224334354041.8389,18.909419380867813,17.902549180218408
691,224347658035.7838,18.970666505879294,17.95276301972335
692,224529881450.65945,19.049089625349374,17.963828928297946
693,224560643686.22015,19.073494921689885,17.88848291638934
694,224782354198.13956,19.01344473766283,17.836843634845955
695,224775923141.89688,18.934617623452638,17.844519966345647
696,224975225747.6211,18.903679290914916,17.91742716475421
697,225055494801.03333,18.91576778755866,17.995699179222306
698,157351402486.3242,18.956528323995798,17.927793224628054
699,161050412499.07407,18.934289730351523,17.85177950907142
700,160974015008.83713,18.861997099248665,17.884127855060452
701,225602514266.6417,18.793068307039448,17.92313377261893
702,157650871922.48712,18.860591224485834,17.881741797315392
703,225523077047.22314,18.90428446946355,17.815684698201693
704,225795940513.0161,18.82678924853786,17.799340563667304
705,225659040916.06577,18.802460640347025,17.874711372496034
706,225972864741.12634,18.828904798985633,17.949366221460426
707,225816378967.66345,18.90523687999496,17.928246244926687
708,226002007206.33374,18.946742184636857,17.860792930059414
709,161345796583.1937,18.877225184636334,17.822845246191658
710,226301464858.8119,18.800702350985993,17.8432632757274
711,226310051910.82547,18.75683999321485,17.909208204044567
712,158699819506.60437,18.69930007730678,17.96363060822972
713,226317101295.85684,18.73445173235416,17.892658774750302
714,226650972900.34064,18.79938601222859,17.847313661483394
715,161402318476.08252,18.793291103962975,17.926278793619254
716,161499754884.46878,18.719841972868714,17.95590758268493
717,158996991427.81793,18.640702313003672,17.958998575477814
718,159007124181.4166,18.668330840585554,17.88477388643396
719,226963696080.52805,18.713854992562215,17.819965001342435
720,227105694631.35178,18.783431467313015,17.78212647387041
721,227254038902.69165,18.7654002868151,17.85924661734701
722,161710029129.14334,18.717127819882688,17.92203522249364
723,227171266341.77817,18.637935940770166,17.923169366500172
724,227494416501.36786,18.583093241702308,17.866029902388647
725,227380358877.8719,18.64144706097646,17.919578681796953
726,159783269035.6389,18.720636582299573,17.920866980138257
727,161827401465.20865,18.702414763562313,17.843791657745765
728,161965074932.16495,18.626864366607844,17.86755670603148
729,161953762118.75204,18.556188062367564,17.90329883829769
730,227856968961.6044,18.489358701936744,17.945801503913007
731,227812389472.94696,18.547598670556916,17.892128921944913
732,227928357286.33328,18.61287070063633,17.847271346338196
733,227957194133.8496,18.65756244813274,17.9126570305949
734,162067349657.03522,18.61195612394934,17.977408117029636
735,228114674085.30167,18.533634335143596,17.989169809011162
736,160494485750.88907,18.498084413830124,17.918396628394447
737,228372810771.18576,18.525510921438936,17.84409705450345
738,228336905309.34464,18.567902076631224,17.910997203692098
739,228467443508.55255,18.5721039215328,17.990085663655755
740,228431569431.7166,18.493136652927063,17.98401849883605
741,228598031015.11597,18.417468907576577,17.96062977690487
742,160847829328.51224,18.401892166888118,17.88297666911436
743,228863247885.03314,18.459057392237515,17.828160822767227
744,228802323843.665,18.472917526973678,17.906138618742077
745,228760927438.363,18.451182276315595,17.98229778679708
746,228824303012.36612,18.38186140218552,17.94399300367744
747,229025895769.5006,18.313356701391225,17.90424698539782
748,228991845951.331,18.385918300914405,17.935987405600425
749,228907274047.14713,18.46479141689813,17.928799111295255
750,162216971874.5702,18.515352534020785,17.989759864532967
751,229185057839.1072,18.44278198290482,18.021479812684326
752,229138355217.30807,18.373124475129856,17.9837906682183
753,229216890355.58835,18.302495299905214,17.94795549545345
754,229460925211.99982,18.285490102695515,18.025308344579123
755,229362602974.34616,18.35103167890434,17.98084553103721
756,229241390877.85812,18.422866695459145,17.94749331377102
757,229449326556.96066,18.490678068066398,17.988411008538936
758,229359092392.17126,18.41468672417449,17.96609608856369
759,162363031620.51166,18.3355314356248,17.968756970863907
760,229272203279.70804,18.25714601490826,17.980086834900618
761,161637415465.26797,18.25342957024733,17.900974079676935
762,229472699132.73032,18.318970477463573,17.856510280004933
763,229433951431.21103,18.36449348450309,17.921319969327442
764,229521207394.40314,18.361146279274262,18.000449206763147
765,229355922684.11456,18.284307159548554,17.98125572662591
766,161647996167.14725,18.210207550078273,17.95329346855629
767,229281579231.50748,18.235999466441665,17.87841077996738
768,229372044375.07986,18.313883668697564,17.86403402654519
769,229350826078.8162,18.349208344396118,17.934919901631783
770,229455693643.8546,18.36486421285112,18.012557094928034
771,229352609906.7326,18.294338256840813,17.97651920474517
772,161790493471.58316,18.221057267555906,17.946476957668338
773,229564250784.00024,18.23827271302117,17.869170629095365
774,229615284725.27438,18.31683161512148,17.85911384527577
